id,target,channel,game_fit,langs,why,status,sent_at,reply,utm_campaign,dm_template,notes
1,r/gamedev Feedback Friday OP,Reddit DM / comment,EN-only WIP screenshot,EN,Needs loc before Steam,ready,,,lf_en,dm_en,
2,r/godot localization thread authors,Reddit,Godot UI CSV,EN,Already thinking about csv,ready,,,lf_en,comment_en,
3,r/Unity3D showcase posters,Reddit,Unity Localization Package,EN,Unity CSV export fit,ready,,,lf_en,dm_en,
4,r/IndieGaming launch posts,Reddit,Fresh Steam page EN,EN,Wishlist push loc window,ready,,,lf_en,dm_en,
5,Godot Discord #showcase,Discord,Solo Godot project,EN,Fast DM cycle,ready,,,lf_en,dm_en,
6,Godot Discord #game-dev,Discord,how to translate asks,EN,Inbound intent,ready,,,lf_en,comment_en,
7,Unity Discord #made-with-unity,Discord,Indie vertical slice,EN,Engine export angle,ready,,,lf_en,dm_en,
8,itch.io Game Jams recent EN winners,itch contact,Jam game EN UI,EN,Small string count,ready,,,lf_en,dm_en,
9,itch.io adventure tag EN only,itch,Narrative UI,EN,Dialogue + glossary,ready,,,lf_en,dm_en,
10,itch.io RPG tag EN only,itch,Quest log + items,EN,Length QA on HUD,ready,,,lf_en,dm_en,
11,Steam discussions translation threads,Steam,Released EN indie,EN,Players already ask,ready,,,lf_en,dm_en,
12,Steam Next Fest indie EN page,Steam / Discord,Demo EN,EN,Fest deadline pressure,ready,,,lf_en,dm_en,
13,Twitter/X #indiedev loc asks,DM,Solo #gamedev,EN,Public ask warm lead,ready,,,lf_en,dm_en,
14,Bluesky indie mutuals,DM,EN Steam wishlist,EN,Low noise DMs,ready,,,lf_en,dm_en,
15,VK Indie gamedev chats,VK,RU studio EN build,EN->RU,RU team shipping EN first,ready,,,lf_ru,dm_ru,
16,Telegram indiedev / Unity RU,TG,Local indie,RU/EN,RU GTM for LocForge,ready,,,lf_ru,dm_ru,
17,Habr / DT Fandom gamedev,PM,Article authors,RU,Writers often have side games,ready,,,lf_ru,dm_ru,
18,GameDev.ru loc topics,Forum PM,EN Steam ambition,RU/EN,Classic RU indie funnel,ready,,,lf_ru,dm_ru,
19,Friends / ex-collabs with Steam,Personal,Any EN UI,EN,Warmest pilot,ready,,,lf_en,dm_en,
20,University / indie meetup Discord,Discord,Student Steam,EN,Budget free pilot,ready,,,lf_en,dm_en,
21,Pixel art indie servers,Discord,Short HUD strings,EN,Overflow pain visible,ready,,,lf_en,dm_en,
22,Narrative Discord Twine/Yarn,Discord,Dialogue heavy,EN,Glossary for names,ready,,,lf_en,dm_en,
23,Unreal Indie Discord,Discord,UE String Tables later,EN,JSON/CSV still works,ready,,,lf_en,dm_en,
24,Women in Games Discords,Discord,EN release,EN,Under-served outreach,ready,,,lf_en,dm_en,
25,Local jam Discord last jam,Discord,Jam to Steam port,EN,Strings already exported,ready,,,lf_en,dm_en,
26,Steam curator friends,Intro ask,Curated EN indies,EN,Warm intro,ready,,,lf_en,dm_en,
27,YouTube indie LP authors,Email in about,Featured EN games,EN,Ask intro to dev,ready,,,lf_en,dm_en,
28,Podcast guests indie,Email,Guest game,EN,Public contact often listed,ready,,,lf_en,dm_en,
29,LinkedIn indie game developer,InMail,Solo Steam,EN,B2B tone Studio pack,ready,,,lf_en,dm_en,
30,Previous GameForge loc users,Product email,Existing account,any,Warmest conversion,ready,,,gf_upsell_d90,dm_en,Platform upsell
